"Notes","Month","Month Code","Single Race 6","Single Race 6 Code",Deaths,Population,Crude Rate,Crude Rate Lower 95% Confidence Interval,Crude Rate Upper 95% Confidence Interval
,"Jan., 2018","2018/01","American Indian or Alaska Native","1002-5",0,Not Applicable,Not Applicable,Not Applicable,Not Applicable
,"Jan., 2018","2018/01","Asian","A",0,Not Applicable,Not Applicable,Not Applicable,Not Applicable
,"Jan., 2018","2018/01","Native Hawaiian or Other Pacific Islander","NHOPI",0,Not Applicable,Not Applicable,Not Applicable,Not Applicable
,"Jan., 2018","2018/01","More than one race","M",0,Not Applicable,Not Applicable,Not Applicable,Not Applicable
,"Jan., 2018","2018/01","Not Available","999",0,Not Applicable,Not Applicable,Not Applicable,Not Applicable
,"Feb., 2018","2018/02","American Indian or Alaska Native","1002-5",0,Not Applicable,Not Applicable,Not Applicable,Not Applicable
,"Feb., 2018","2018/02","Asian","A",0,Not Applicable,Not Applicable,Not Applicable,Not Applicable
,"Feb., 2018","2018/02","Native Hawaiian or Other Pacific Islander","NHOPI",0,Not Applicable,Not Applicable,Not Applicable,Not Applicable
,"Feb., 2018","2018/02","More than one race","M",0,Not Applicable,Not Applicable,Not Applicable,Not Applicable
,"Feb., 2018","2018/02","Not Available","999",0,Not Applicable,Not Applicable,Not Applicable,Not Applicable
,"Mar., 2018","2018/03","American Indian or Alaska Native","1002-5",0,Not Applicable,Not Applicable,Not Applicable,Not Applicable
,"Mar., 2018","2018/03","Native Hawaiian or Other Pacific Islander","NHOPI",0,Not Applicable,Not Applicable,Not Applicable,Not Applicable
,"Mar., 2018","2018/03","More than one race","M",0,Not Applicable,Not Applicable,Not Applicable,Not Applicable
,"Mar., 2018","2018/03","Not Available","999",0,Not Applicable,Not Applicable,Not Applicable,Not Applicable
,"Apr., 2018","2018/04","American Indian or Alaska Native","1002-5",0,Not Applicable,Not Applicable,Not Applicable,Not Applicable
,"Apr., 2018","2018/04","Native Hawaiian or Other Pacific Islander","NHOPI",0,Not Applicable,Not Applicable,Not Applicable,Not Applicable
,"Apr., 2018","2018/04","More than one race","M",0,Not Applicable,Not Applicable,Not Applicable,Not Applicable
,"Apr., 2018","2018/04","Not Available","999",0,Not Applicable,Not Applicable,Not Applicable,Not Applicable
,"May, 2018","2018/05","American Indian or Alaska Native","1002-5",0,Not Applicable,Not Applicable,Not Applicable,Not Applicable
,"May, 2018","2018/05","Native Hawaiian or Other Pacific Islander","NHOPI",0,Not Applicable,Not Applicable,Not Applicable,Not Applicable
,"May, 2018","2018/05","More than one race","M",0,Not Applicable,Not Applicable,Not Applicable,Not Applicable
,"May, 2018","2018/05","Not Available","999",0,Not Applicable,Not Applicable,Not Applicable,Not Applicable
,"Jun., 2018","2018/06","American Indian or Alaska Native","1002-5",0,Not Applicable,Not Applicable,Not Applicable,Not Applicable
,"Jun., 2018","2018/06","Asian","A",0,Not Applicable,Not Applicable,Not Applicable,Not Applicable
,"Jun., 2018","2018/06","Native Hawaiian or Other Pacific Islander","NHOPI",0,Not Applicable,Not Applicable,Not Applicable,Not Applicable
,"Jun., 2018","2018/06","More than one race","M",0,Not Applicable,Not Applicable,Not Applicable,Not Applicable
,"Jun., 2018","2018/06","Not Available","999",0,Not Applicable,Not Applicable,Not Applicable,Not Applicable
,"Jul., 2018","2018/07","American Indian or Alaska Native","1002-5",0,Not Applicable,Not Applicable,Not Applicable,Not Applicable
,"Jul., 2018","2018/07","Asian","A",0,Not Applicable,Not Applicable,Not Applicable,Not Applicable
,"Jul., 2018","2018/07","Native Hawaiian or Other Pacific Islander","NHOPI",0,Not Applicable,Not Applicable,Not Applicable,Not Applicable
,"Jul., 2018","2018/07","White","2106-3",10,Not Applicable,Not Applicable,Not Applicable,Not Applicable
,"Jul., 2018","2018/07","More than one race","M",0,Not Applicable,Not Applicable,Not Applicable,Not Applicable
,"Jul., 2018","2018/07","Not Available","999",0,Not Applicable,Not Applicable,Not Applicable,Not Applicable
,"Aug., 2018","2018/08","American Indian or Alaska Native","1002-5",0,Not Applicable,Not Applicable,Not Applicable,Not Applicable
,"Aug., 2018","2018/08","Asian","A",0,Not Applicable,Not Applicable,Not Applicable,Not Applicable
,"Aug., 2018","2018/08","Native Hawaiian or Other Pacific Islander","NHOPI",0,Not Applicable,Not Applicable,Not Applicable,Not Applicable
,"Aug., 2018","2018/08","More than one race","M",0,Not Applicable,Not Applicable,Not Applicable,Not Applicable
,"Aug., 2018","2018/08","Not Available","999",0,Not Applicable,Not Applicable,Not Applicable,Not Applicable
,"Sep., 2018","2018/09","American Indian or Alaska Native","1002-5",0,Not Applicable,Not Applicable,Not Applicable,Not Applicable
,"Sep., 2018","2018/09","Native Hawaiian or Other Pacific Islander","NHOPI",0,Not Applicable,Not Applicable,Not Applicable,Not Applicable
,"Sep., 2018","2018/09","More than one race","M",0,Not Applicable,Not Applicable,Not Applicable,Not Applicable
,"Sep., 2018","2018/09","Not Available","999",0,Not Applicable,Not Applicable,Not Applicable,Not Applicable
,"Oct., 2018","2018/10","American Indian or Alaska Native","1002-5",0,Not Applicable,Not Applicable,Not Applicable,Not Applicable
,"Oct., 2018","2018/10","Asian","A",0,Not Applicable,Not Applicable,Not Applicable,Not Applicable
,"Oct., 2018","2018/10","Native Hawaiian or Other Pacific Islander","NHOPI",0,Not Applicable,Not Applicable,Not Applicable,Not Applicable
,"Oct., 2018","2018/10","More than one race","M",0,Not Applicable,Not Applicable,Not Applicable,Not Applicable
,"Oct., 2018","2018/10","Not Available","999",0,Not Applicable,Not Applicable,Not Applicable,Not Applicable
,"Nov., 2018","2018/11","American Indian or Alaska Native","1002-5",0,Not Applicable,Not Applicable,Not Applicable,Not Applicable
,"Nov., 2018","2018/11","Asian","A",0,Not Applicable,Not Applicable,Not Applicable,Not Applicable
,"Nov., 2018","2018/11","Native Hawaiian or Other Pacific Islander","NHOPI",0,Not Applicable,Not Applicable,Not Applicable,Not Applicable
,"Nov., 2018","2018/11","More than one race","M",0,Not Applicable,Not Applicable,Not Applicable,Not Applicable
,"Nov., 2018","2018/11","Not Available","999",0,Not Applicable,Not Applicable,Not Applicable,Not Applicable
,"Dec., 2018","2018/12","American Indian or Alaska Native","1002-5",0,Not Applicable,Not Applicable,Not Applicable,Not Applicable
,"Dec., 2018","2018/12","Native Hawaiian or Other Pacific Islander","NHOPI",0,Not Applicable,Not Applicable,Not Applicable,Not Applicable
,"Dec., 2018","2018/12","More than one race","M",0,Not Applicable,Not Applicable,Not Applicable,Not Applicable
,"Dec., 2018","2018/12","Not Available","999",0,Not Applicable,Not Applicable,Not Applicable,Not Applicable
,"Jan., 2019","2019/01","American Indian or Alaska Native","1002-5",0,Not Applicable,Not Applicable,Not Applicable,Not Applicable
,"Jan., 2019","2019/01","Asian","A",0,Not Applicable,Not Applicable,Not Applicable,Not Applicable
,"Jan., 2019","2019/01","Native Hawaiian or Other Pacific Islander","NHOPI",0,Not Applicable,Not Applicable,Not Applicable,Not Applicable
,"Jan., 2019","2019/01","More than one race","M",0,Not Applicable,Not Applicable,Not Applicable,Not Applicable
,"Jan., 2019","2019/01","Not Available","999",0,Not Applicable,Not Applicable,Not Applicable,Not Applicable
,"Feb., 2019","2019/02","American Indian or Alaska Native","1002-5",0,Not Applicable,Not Applicable,Not Applicable,Not Applicable
,"Feb., 2019","2019/02","Native Hawaiian or Other Pacific Islander","NHOPI",0,Not Applicable,Not Applicable,Not Applicable,Not Applicable
,"Feb., 2019","2019/02","More than one race","M",0,Not Applicable,Not Applicable,Not Applicable,Not Applicable
,"Feb., 2019","2019/02","Not Available","999",0,Not Applicable,Not Applicable,Not Applicable,Not Applicable
,"Mar., 2019","2019/03","American Indian or Alaska Native","1002-5",0,Not Applicable,Not Applicable,Not Applicable,Not Applicable
,"Mar., 2019","2019/03","Asian","A",0,Not Applicable,Not Applicable,Not Applicable,Not Applicable
,"Mar., 2019","2019/03","Native Hawaiian or Other Pacific Islander","NHOPI",0,Not Applicable,Not Applicable,Not Applicable,Not Applicable
,"Mar., 2019","2019/03","More than one race","M",0,Not Applicable,Not Applicable,Not Applicable,Not Applicable
,"Mar., 2019","2019/03","Not Available","999",0,Not Applicable,Not Applicable,Not Applicable,Not Applicable
,"Apr., 2019","2019/04","American Indian or Alaska Native","1002-5",0,Not Applicable,Not Applicable,Not Applicable,Not Applicable
,"Apr., 2019","2019/04","Native Hawaiian or Other Pacific Islander","NHOPI",0,Not Applicable,Not Applicable,Not Applicable,Not Applicable
,"Apr., 2019","2019/04","More than one race","M",0,Not Applicable,Not Applicable,Not Applicable,Not Applicable
,"Apr., 2019","2019/04","Not Available","999",0,Not Applicable,Not Applicable,Not Applicable,Not Applicable
,"May, 2019","2019/05","American Indian or Alaska Native","1002-5",0,Not Applicable,Not Applicable,Not Applicable,Not Applicable
,"May, 2019","2019/05","Asian","A",0,Not Applicable,Not Applicable,Not Applicable,Not Applicable
,"May, 2019","2019/05","Native Hawaiian or Other Pacific Islander","NHOPI",0,Not Applicable,Not Applicable,Not Applicable,Not Applicable
,"May, 2019","2019/05","More than one race","M",0,Not Applicable,Not Applicable,Not Applicable,Not Applicable
,"May, 2019","2019/05","Not Available","999",0,Not Applicable,Not Applicable,Not Applicable,Not Applicable
,"Jun., 2019","2019/06","American Indian or Alaska Native","1002-5",0,Not Applicable,Not Applicable,Not Applicable,Not Applicable
,"Jun., 2019","2019/06","Native Hawaiian or Other Pacific Islander","NHOPI",0,Not Applicable,Not Applicable,Not Applicable,Not Applicable
,"Jun., 2019","2019/06","More than one race","M",0,Not Applicable,Not Applicable,Not Applicable,Not Applicable
,"Jun., 2019","2019/06","Not Available","999",0,Not Applicable,Not Applicable,Not Applicable,Not Applicable
,"Jul., 2019","2019/07","American Indian or Alaska Native","1002-5",0,Not Applicable,Not Applicable,Not Applicable,Not Applicable
,"Jul., 2019","2019/07","Native Hawaiian or Other Pacific Islander","NHOPI",0,Not Applicable,Not Applicable,Not Applicable,Not Applicable
,"Jul., 2019","2019/07","More than one race","M",0,Not Applicable,Not Applicable,Not Applicable,Not Applicable
,"Jul., 2019","2019/07","Not Available","999",0,Not Applicable,Not Applicable,Not Applicable,Not Applicable
,"Aug., 2019","2019/08","American Indian or Alaska Native","1002-5",0,Not Applicable,Not Applicable,Not Applicable,Not Applicable
,"Aug., 2019","2019/08","Asian","A",0,Not Applicable,Not Applicable,Not Applicable,Not Applicable
,"Aug., 2019","2019/08","Native Hawaiian or Other Pacific Islander","NHOPI",0,Not Applicable,Not Applicable,Not Applicable,Not Applicable
,"Aug., 2019","2019/08","More than one race","M",0,Not Applicable,Not Applicable,Not Applicable,Not Applicable
,"Aug., 2019","2019/08","Not Available","999",0,Not Applicable,Not Applicable,Not Applicable,Not Applicable
,"Sep., 2019","2019/09","American Indian or Alaska Native","1002-5",0,Not Applicable,Not Applicable,Not Applicable,Not Applicable
,"Sep., 2019","2019/09","Asian","A",0,Not Applicable,Not Applicable,Not Applicable,Not Applicable
,"Sep., 2019","2019/09","Native Hawaiian or Other Pacific Islander","NHOPI",0,Not Applicable,Not Applicable,Not Applicable,Not Applicable
,"Sep., 2019","2019/09","More than one race","M",0,Not Applicable,Not Applicable,Not Applicable,Not Applicable
,"Sep., 2019","2019/09","Not Available","999",0,Not Applicable,Not Applicable,Not Applicable,Not Applicable
,"Oct., 2019","2019/10","American Indian or Alaska Native","1002-5",0,Not Applicable,Not Applicable,Not Applicable,Not Applicable
,"Oct., 2019","2019/10","Asian","A",0,Not Applicable,Not Applicable,Not Applicable,Not Applicable
,"Oct., 2019","2019/10","Native Hawaiian or Other Pacific Islander","NHOPI",0,Not Applicable,Not Applicable,Not Applicable,Not Applicable
,"Oct., 2019","2019/10","More than one race","M",0,Not Applicable,Not Applicable,Not Applicable,Not Applicable
,"Oct., 2019","2019/10","Not Available","999",0,Not Applicable,Not Applicable,Not Applicable,Not Applicable
,"Nov., 2019","2019/11","American Indian or Alaska Native","1002-5",0,Not Applicable,Not Applicable,Not Applicable,Not Applicable
,"Nov., 2019","2019/11","Asian","A",0,Not Applicable,Not Applicable,Not Applicable,Not Applicable
,"Nov., 2019","2019/11","Native Hawaiian or Other Pacific Islander","NHOPI",0,Not Applicable,Not Applicable,Not Applicable,Not Applicable
,"Nov., 2019","2019/11","More than one race","M",0,Not Applicable,Not Applicable,Not Applicable,Not Applicable
,"Nov., 2019","2019/11","Not Available","999",0,Not Applicable,Not Applicable,Not Applicable,Not Applicable
,"Dec., 2019","2019/12","American Indian or Alaska Native","1002-5",0,Not Applicable,Not Applicable,Not Applicable,Not Applicable
,"Dec., 2019","2019/12","Asian","A",0,Not Applicable,Not Applicable,Not Applicable,Not Applicable
,"Dec., 2019","2019/12","Native Hawaiian or Other Pacific Islander","NHOPI",0,Not Applicable,Not Applicable,Not Applicable,Not Applicable
,"Dec., 2019","2019/12","More than one race","M",0,Not Applicable,Not Applicable,Not Applicable,Not Applicable
,"Dec., 2019","2019/12","Not Available","999",0,Not Applicable,Not Applicable,Not Applicable,Not Applicable
,"Jan., 2020","2020/01","American Indian or Alaska Native","1002-5",0,Not Applicable,Not Applicable,Not Applicable,Not Applicable
,"Jan., 2020","2020/01","Asian","A",0,Not Applicable,Not Applicable,Not Applicable,Not Applicable
,"Jan., 2020","2020/01","Native Hawaiian or Other Pacific Islander","NHOPI",0,Not Applicable,Not Applicable,Not Applicable,Not Applicable
,"Jan., 2020","2020/01","More than one race","M",0,Not Applicable,Not Applicable,Not Applicable,Not Applicable
,"Jan., 2020","2020/01","Not Available","999",0,Not Applicable,Not Applicable,Not Applicable,Not Applicable
,"Feb., 2020","2020/02","American Indian or Alaska Native","1002-5",0,Not Applicable,Not Applicable,Not Applicable,Not Applicable
,"Feb., 2020","2020/02","Asian","A",0,Not Applicable,Not Applicable,Not Applicable,Not Applicable
,"Feb., 2020","2020/02","Native Hawaiian or Other Pacific Islander","NHOPI",0,Not Applicable,Not Applicable,Not Applicable,Not Applicable
,"Feb., 2020","2020/02","More than one race","M",0,Not Applicable,Not Applicable,Not Applicable,Not Applicable
,"Feb., 2020","2020/02","Not Available","999",0,Not Applicable,Not Applicable,Not Applicable,Not Applicable
,"Mar., 2020","2020/03","American Indian or Alaska Native","1002-5",0,Not Applicable,Not Applicable,Not Applicable,Not Applicable
,"Mar., 2020","2020/03","Asian","A",0,Not Applicable,Not Applicable,Not Applicable,Not Applicable
,"Mar., 2020","2020/03","Native Hawaiian or Other Pacific Islander","NHOPI",0,Not Applicable,Not Applicable,Not Applicable,Not Applicable
,"Mar., 2020","2020/03","More than one race","M",0,Not Applicable,Not Applicable,Not Applicable,Not Applicable
,"Mar., 2020","2020/03","Not Available","999",0,Not Applicable,Not Applicable,Not Applicable,Not Applicable
,"Apr., 2020","2020/04","American Indian or Alaska Native","1002-5",0,Not Applicable,Not Applicable,Not Applicable,Not Applicable
,"Apr., 2020","2020/04","Asian","A",0,Not Applicable,Not Applicable,Not Applicable,Not Applicable
,"Apr., 2020","2020/04","Native Hawaiian or Other Pacific Islander","NHOPI",0,Not Applicable,Not Applicable,Not Applicable,Not Applicable
,"Apr., 2020","2020/04","Not Available","999",0,Not Applicable,Not Applicable,Not Applicable,Not Applicable
,"May, 2020","2020/05","American Indian or Alaska Native","1002-5",0,Not Applicable,Not Applicable,Not Applicable,Not Applicable
,"May, 2020","2020/05","Black or African American","2054-5",11,Not Applicable,Not Applicable,Not Applicable,Not Applicable
,"May, 2020","2020/05","Native Hawaiian or Other Pacific Islander","NHOPI",0,Not Applicable,Not Applicable,Not Applicable,Not Applicable
,"May, 2020","2020/05","More than one race","M",0,Not Applicable,Not Applicable,Not Applicable,Not Applicable
,"May, 2020","2020/05","Not Available","999",0,Not Applicable,Not Applicable,Not Applicable,Not Applicable
,"Jun., 2020","2020/06","American Indian or Alaska Native","1002-5",0,Not Applicable,Not Applicable,Not Applicable,Not Applicable
,"Jun., 2020","2020/06","Asian","A",0,Not Applicable,Not Applicable,Not Applicable,Not Applicable
,"Jun., 2020","2020/06","Native Hawaiian or Other Pacific Islander","NHOPI",0,Not Applicable,Not Applicable,Not Applicable,Not Applicable
,"Jun., 2020","2020/06","Not Available","999",0,Not Applicable,Not Applicable,Not Applicable,Not Applicable
,"Jul., 2020","2020/07","American Indian or Alaska Native","1002-5",0,Not Applicable,Not Applicable,Not Applicable,Not Applicable
,"Jul., 2020","2020/07","Asian","A",0,Not Applicable,Not Applicable,Not Applicable,Not Applicable
,"Jul., 2020","2020/07","Native Hawaiian or Other Pacific Islander","NHOPI",0,Not Applicable,Not Applicable,Not Applicable,Not Applicable
,"Jul., 2020","2020/07","White","2106-3",10,Not Applicable,Not Applicable,Not Applicable,Not Applicable
,"Jul., 2020","2020/07","Not Available","999",0,Not Applicable,Not Applicable,Not Applicable,Not Applicable
,"Aug., 2020","2020/08","American Indian or Alaska Native","1002-5",0,Not Applicable,Not Applicable,Not Applicable,Not Applicable
,"Aug., 2020","2020/08","Native Hawaiian or Other Pacific Islander","NHOPI",0,Not Applicable,Not Applicable,Not Applicable,Not Applicable
,"Aug., 2020","2020/08","White","2106-3",10,Not Applicable,Not Applicable,Not Applicable,Not Applicable
,"Aug., 2020","2020/08","More than one race","M",0,Not Applicable,Not Applicable,Not Applicable,Not Applicable
,"Aug., 2020","2020/08","Not Available","999",0,Not Applicable,Not Applicable,Not Applicable,Not Applicable
,"Sep., 2020","2020/09","American Indian or Alaska Native","1002-5",0,Not Applicable,Not Applicable,Not Applicable,Not Applicable
,"Sep., 2020","2020/09","Asian","A",0,Not Applicable,Not Applicable,Not Applicable,Not Applicable
,"Sep., 2020","2020/09","Native Hawaiian or Other Pacific Islander","NHOPI",0,Not Applicable,Not Applicable,Not Applicable,Not Applicable
,"Sep., 2020","2020/09","More than one race","M",0,Not Applicable,Not Applicable,Not Applicable,Not Applicable
,"Sep., 2020","2020/09","Not Available","999",0,Not Applicable,Not Applicable,Not Applicable,Not Applicable
,"Oct., 2020","2020/10","American Indian or Alaska Native","1002-5",0,Not Applicable,Not Applicable,Not Applicable,Not Applicable
,"Oct., 2020","2020/10","Asian","A",0,Not Applicable,Not Applicable,Not Applicable,Not Applicable
,"Oct., 2020","2020/10","Native Hawaiian or Other Pacific Islander","NHOPI",0,Not Applicable,Not Applicable,Not Applicable,Not Applicable
,"Oct., 2020","2020/10","White","2106-3",13,Not Applicable,Not Applicable,Not Applicable,Not Applicable
,"Oct., 2020","2020/10","More than one race","M",0,Not Applicable,Not Applicable,Not Applicable,Not Applicable
,"Oct., 2020","2020/10","Not Available","999",0,Not Applicable,Not Applicable,Not Applicable,Not Applicable
,"Nov., 2020","2020/11","American Indian or Alaska Native","1002-5",0,Not Applicable,Not Applicable,Not Applicable,Not Applicable
,"Nov., 2020","2020/11","Asian","A",0,Not Applicable,Not Applicable,Not Applicable,Not Applicable
,"Nov., 2020","2020/11","Native Hawaiian or Other Pacific Islander","NHOPI",0,Not Applicable,Not Applicable,Not Applicable,Not Applicable
,"Nov., 2020","2020/11","White","2106-3",12,Not Applicable,Not Applicable,Not Applicable,Not Applicable
,"Nov., 2020","2020/11","Not Available","999",0,Not Applicable,Not Applicable,Not Applicable,Not Applicable
,"Dec., 2020","2020/12","American Indian or Alaska Native","1002-5",0,Not Applicable,Not Applicable,Not Applicable,Not Applicable
,"Dec., 2020","2020/12","Asian","A",0,Not Applicable,Not Applicable,Not Applicable,Not Applicable
,"Dec., 2020","2020/12","Native Hawaiian or Other Pacific Islander","NHOPI",0,Not Applicable,Not Applicable,Not Applicable,Not Applicable
,"Dec., 2020","2020/12","More than one race","M",0,Not Applicable,Not Applicable,Not Applicable,Not Applicable
,"Dec., 2020","2020/12","Not Available","999",0,Not Applicable,Not Applicable,Not Applicable,Not Applicable
,"Jan., 2021","2021/01","American Indian or Alaska Native","1002-5",0,Not Applicable,Not Applicable,Not Applicable,Not Applicable
,"Jan., 2021","2021/01","Asian","A",0,Not Applicable,Not Applicable,Not Applicable,Not Applicable
,"Jan., 2021","2021/01","Native Hawaiian or Other Pacific Islander","NHOPI",0,Not Applicable,Not Applicable,Not Applicable,Not Applicable
,"Jan., 2021","2021/01","More than one race","M",0,Not Applicable,Not Applicable,Not Applicable,Not Applicable
,"Jan., 2021","2021/01","Not Available","999",0,Not Applicable,Not Applicable,Not Applicable,Not Applicable
,"Feb., 2021","2021/02","American Indian or Alaska Native","1002-5",0,Not Applicable,Not Applicable,Not Applicable,Not Applicable
,"Feb., 2021","2021/02","Asian","A",0,Not Applicable,Not Applicable,Not Applicable,Not Applicable
,"Feb., 2021","2021/02","Native Hawaiian or Other Pacific Islander","NHOPI",0,Not Applicable,Not Applicable,Not Applicable,Not Applicable
,"Feb., 2021","2021/02","Not Available","999",0,Not Applicable,Not Applicable,Not Applicable,Not Applicable
,"Mar., 2021","2021/03","American Indian or Alaska Native","1002-5",0,Not Applicable,Not Applicable,Not Applicable,Not Applicable
,"Mar., 2021","2021/03","Asian","A",0,Not Applicable,Not Applicable,Not Applicable,Not Applicable
,"Mar., 2021","2021/03","Native Hawaiian or Other Pacific Islander","NHOPI",0,Not Applicable,Not Applicable,Not Applicable,Not Applicable
,"Mar., 2021","2021/03","More than one race","M",0,Not Applicable,Not Applicable,Not Applicable,Not Applicable
,"Mar., 2021","2021/03","Not Available","999",0,Not Applicable,Not Applicable,Not Applicable,Not Applicable
,"Apr., 2021","2021/04","American Indian or Alaska Native","1002-5",0,Not Applicable,Not Applicable,Not Applicable,Not Applicable
,"Apr., 2021","2021/04","Native Hawaiian or Other Pacific Islander","NHOPI",0,Not Applicable,Not Applicable,Not Applicable,Not Applicable
,"Apr., 2021","2021/04","More than one race","M",0,Not Applicable,Not Applicable,Not Applicable,Not Applicable
,"Apr., 2021","2021/04","Not Available","999",0,Not Applicable,Not Applicable,Not Applicable,Not Applicable
,"May, 2021","2021/05","American Indian or Alaska Native","1002-5",0,Not Applicable,Not Applicable,Not Applicable,Not Applicable
,"May, 2021","2021/05","Asian","A",0,Not Applicable,Not Applicable,Not Applicable,Not Applicable
,"May, 2021","2021/05","Native Hawaiian or Other Pacific Islander","NHOPI",0,Not Applicable,Not Applicable,Not Applicable,Not Applicable
,"May, 2021","2021/05","Not Available","999",0,Not Applicable,Not Applicable,Not Applicable,Not Applicable
,"Jun., 2021","2021/06","American Indian or Alaska Native","1002-5",0,Not Applicable,Not Applicable,Not Applicable,Not Applicable
,"Jun., 2021","2021/06","Asian","A",0,Not Applicable,Not Applicable,Not Applicable,Not Applicable
,"Jun., 2021","2021/06","Native Hawaiian or Other Pacific Islander","NHOPI",0,Not Applicable,Not Applicable,Not Applicable,Not Applicable
,"Jun., 2021","2021/06","More than one race","M",0,Not Applicable,Not Applicable,Not Applicable,Not Applicable
,"Jun., 2021","2021/06","Not Available","999",0,Not Applicable,Not Applicable,Not Applicable,Not Applicable
,"Jul., 2021","2021/07","American Indian or Alaska Native","1002-5",0,Not Applicable,Not Applicable,Not Applicable,Not Applicable
,"Jul., 2021","2021/07","Asian","A",0,Not Applicable,Not Applicable,Not Applicable,Not Applicable
,"Jul., 2021","2021/07","Black or African American","2054-5",10,Not Applicable,Not Applicable,Not Applicable,Not Applicable
,"Jul., 2021","2021/07","Native Hawaiian or Other Pacific Islander","NHOPI",0,Not Applicable,Not Applicable,Not Applicable,Not Applicable
,"Jul., 2021","2021/07","White","2106-3",11,Not Applicable,Not Applicable,Not Applicable,Not Applicable
,"Jul., 2021","2021/07","More than one race","M",0,Not Applicable,Not Applicable,Not Applicable,Not Applicable
,"Jul., 2021","2021/07","Not Available","999",0,Not Applicable,Not Applicable,Not Applicable,Not Applicable
,"Aug., 2021","2021/08","American Indian or Alaska Native","1002-5",0,Not Applicable,Not Applicable,Not Applicable,Not Applicable
,"Aug., 2021","2021/08","Asian","A",0,Not Applicable,Not Applicable,Not Applicable,Not Applicable
,"Aug., 2021","2021/08","Native Hawaiian or Other Pacific Islander","NHOPI",0,Not Applicable,Not Applicable,Not Applicable,Not Applicable
,"Aug., 2021","2021/08","More than one race","M",0,Not Applicable,Not Applicable,Not Applicable,Not Applicable
,"Aug., 2021","2021/08","Not Available","999",0,Not Applicable,Not Applicable,Not Applicable,Not Applicable
,"Sep., 2021","2021/09","American Indian or Alaska Native","1002-5",0,Not Applicable,Not Applicable,Not Applicable,Not Applicable
,"Sep., 2021","2021/09","Black or African American","2054-5",12,Not Applicable,Not Applicable,Not Applicable,Not Applicable
,"Sep., 2021","2021/09","Native Hawaiian or Other Pacific Islander","NHOPI",0,Not Applicable,Not Applicable,Not Applicable,Not Applicable
,"Sep., 2021","2021/09","White","2106-3",11,Not Applicable,Not Applicable,Not Applicable,Not Applicable
,"Sep., 2021","2021/09","More than one race","M",0,Not Applicable,Not Applicable,Not Applicable,Not Applicable
,"Sep., 2021","2021/09","Not Available","999",0,Not Applicable,Not Applicable,Not Applicable,Not Applicable
,"Oct., 2021","2021/10","American Indian or Alaska Native","1002-5",0,Not Applicable,Not Applicable,Not Applicable,Not Applicable
,"Oct., 2021","2021/10","Asian","A",0,Not Applicable,Not Applicable,Not Applicable,Not Applicable
,"Oct., 2021","2021/10","Native Hawaiian or Other Pacific Islander","NHOPI",0,Not Applicable,Not Applicable,Not Applicable,Not Applicable
,"Oct., 2021","2021/10","More than one race","M",0,Not Applicable,Not Applicable,Not Applicable,Not Applicable
,"Oct., 2021","2021/10","Not Available","999",0,Not Applicable,Not Applicable,Not Applicable,Not Applicable
,"Nov., 2021","2021/11","American Indian or Alaska Native","1002-5",0,Not Applicable,Not Applicable,Not Applicable,Not Applicable
,"Nov., 2021","2021/11","Asian","A",0,Not Applicable,Not Applicable,Not Applicable,Not Applicable
,"Nov., 2021","2021/11","Native Hawaiian or Other Pacific Islander","NHOPI",0,Not Applicable,Not Applicable,Not Applicable,Not Applicable
,"Nov., 2021","2021/11","More than one race","M",0,Not Applicable,Not Applicable,Not Applicable,Not Applicable
,"Nov., 2021","2021/11","Not Available","999",0,Not Applicable,Not Applicable,Not Applicable,Not Applicable
,"Dec., 2021","2021/12","American Indian or Alaska Native","1002-5",0,Not Applicable,Not Applicable,Not Applicable,Not Applicable
,"Dec., 2021","2021/12","Asian","A",0,Not Applicable,Not Applicable,Not Applicable,Not Applicable
,"Dec., 2021","2021/12","Native Hawaiian or Other Pacific Islander","NHOPI",0,Not Applicable,Not Applicable,Not Applicable,Not Applicable
,"Dec., 2021","2021/12","More than one race","M",0,Not Applicable,Not Applicable,Not Applicable,Not Applicable
,"Dec., 2021","2021/12","Not Available","999",0,Not Applicable,Not Applicable,Not Applicable,Not Applicable
,"Jan., 2022","2022/01","American Indian or Alaska Native","1002-5",0,Not Applicable,Not Applicable,Not Applicable,Not Applicable
,"Jan., 2022","2022/01","Asian","A",0,Not Applicable,Not Applicable,Not Applicable,Not Applicable
,"Jan., 2022","2022/01","Black or African American","2054-5",11,Not Applicable,Not Applicable,Not Applicable,Not Applicable
,"Jan., 2022","2022/01","Native Hawaiian or Other Pacific Islander","NHOPI",0,Not Applicable,Not Applicable,Not Applicable,Not Applicable
,"Jan., 2022","2022/01","More than one race","M",0,Not Applicable,Not Applicable,Not Applicable,Not Applicable
,"Jan., 2022","2022/01","Not Available","999",0,Not Applicable,Not Applicable,Not Applicable,Not Applicable
,"Feb., 2022","2022/02","American Indian or Alaska Native","1002-5",0,Not Applicable,Not Applicable,Not Applicable,Not Applicable
,"Feb., 2022","2022/02","Asian","A",0,Not Applicable,Not Applicable,Not Applicable,Not Applicable
,"Feb., 2022","2022/02","Native Hawaiian or Other Pacific Islander","NHOPI",0,Not Applicable,Not Applicable,Not Applicable,Not Applicable
,"Feb., 2022","2022/02","Not Available","999",0,Not Applicable,Not Applicable,Not Applicable,Not Applicable
,"Mar., 2022","2022/03","American Indian or Alaska Native","1002-5",0,Not Applicable,Not Applicable,Not Applicable,Not Applicable
,"Mar., 2022","2022/03","Native Hawaiian or Other Pacific Islander","NHOPI",0,Not Applicable,Not Applicable,Not Applicable,Not Applicable
,"Mar., 2022","2022/03","White","2106-3",11,Not Applicable,Not Applicable,Not Applicable,Not Applicable
,"Mar., 2022","2022/03","Not Available","999",0,Not Applicable,Not Applicable,Not Applicable,Not Applicable
,"Apr., 2022","2022/04","American Indian or Alaska Native","1002-5",0,Not Applicable,Not Applicable,Not Applicable,Not Applicable
,"Apr., 2022","2022/04","Asian","A",0,Not Applicable,Not Applicable,Not Applicable,Not Applicable
,"Apr., 2022","2022/04","Black or African American","2054-5",16,Not Applicable,Not Applicable,Not Applicable,Not Applicable
,"Apr., 2022","2022/04","Native Hawaiian or Other Pacific Islander","NHOPI",0,Not Applicable,Not Applicable,Not Applicable,Not Applicable
,"Apr., 2022","2022/04","More than one race","M",0,Not Applicable,Not Applicable,Not Applicable,Not Applicable
,"Apr., 2022","2022/04","Not Available","999",0,Not Applicable,Not Applicable,Not Applicable,Not Applicable
,"May, 2022","2022/05","American Indian or Alaska Native","1002-5",0,Not Applicable,Not Applicable,Not Applicable,Not Applicable
,"May, 2022","2022/05","Native Hawaiian or Other Pacific Islander","NHOPI",0,Not Applicable,Not Applicable,Not Applicable,Not Applicable
,"May, 2022","2022/05","More than one race","M",0,Not Applicable,Not Applicable,Not Applicable,Not Applicable
,"May, 2022","2022/05","Not Available","999",0,Not Applicable,Not Applicable,Not Applicable,Not Applicable
,"Jun., 2022","2022/06","Asian","A",0,Not Applicable,Not Applicable,Not Applicable,Not Applicable
,"Jun., 2022","2022/06","Black or African American","2054-5",13,Not Applicable,Not Applicable,Not Applicable,Not Applicable
,"Jun., 2022","2022/06","Native Hawaiian or Other Pacific Islander","NHOPI",0,Not Applicable,Not Applicable,Not Applicable,Not Applicable
,"Jun., 2022","2022/06","More than one race","M",0,Not Applicable,Not Applicable,Not Applicable,Not Applicable
,"Jun., 2022","2022/06","Not Available","999",0,Not Applicable,Not Applicable,Not Applicable,Not Applicable
,"Jul., 2022","2022/07","American Indian or Alaska Native","1002-5",0,Not Applicable,Not Applicable,Not Applicable,Not Applicable
,"Jul., 2022","2022/07","Native Hawaiian or Other Pacific Islander","NHOPI",0,Not Applicable,Not Applicable,Not Applicable,Not Applicable
,"Jul., 2022","2022/07","More than one race","M",0,Not Applicable,Not Applicable,Not Applicable,Not Applicable
,"Jul., 2022","2022/07","Not Available","999",0,Not Applicable,Not Applicable,Not Applicable,Not Applicable
,"Aug., 2022","2022/08","American Indian or Alaska Native","1002-5",0,Not Applicable,Not Applicable,Not Applicable,Not Applicable
,"Aug., 2022","2022/08","Native Hawaiian or Other Pacific Islander","NHOPI",0,Not Applicable,Not Applicable,Not Applicable,Not Applicable
,"Aug., 2022","2022/08","More than one race","M",0,Not Applicable,Not Applicable,Not Applicable,Not Applicable
,"Aug., 2022","2022/08","Not Available","999",0,Not Applicable,Not Applicable,Not Applicable,Not Applicable
,"Sep., 2022","2022/09","American Indian or Alaska Native","1002-5",0,Not Applicable,Not Applicable,Not Applicable,Not Applicable
,"Sep., 2022","2022/09","Black or African American","2054-5",12,Not Applicable,Not Applicable,Not Applicable,Not Applicable
,"Sep., 2022","2022/09","Native Hawaiian or Other Pacific Islander","NHOPI",0,Not Applicable,Not Applicable,Not Applicable,Not Applicable
,"Sep., 2022","2022/09","More than one race","M",0,Not Applicable,Not Applicable,Not Applicable,Not Applicable
,"Sep., 2022","2022/09","Not Available","999",0,Not Applicable,Not Applicable,Not Applicable,Not Applicable
,"Oct., 2022","2022/10","American Indian or Alaska Native","1002-5",0,Not Applicable,Not Applicable,Not Applicable,Not Applicable
,"Oct., 2022","2022/10","Native Hawaiian or Other Pacific Islander","NHOPI",0,Not Applicable,Not Applicable,Not Applicable,Not Applicable
,"Oct., 2022","2022/10","More than one race","M",0,Not Applicable,Not Applicable,Not Applicable,Not Applicable
,"Oct., 2022","2022/10","Not Available","999",0,Not Applicable,Not Applicable,Not Applicable,Not Applicable
,"Nov., 2022","2022/11","American Indian or Alaska Native","1002-5",0,Not Applicable,Not Applicable,Not Applicable,Not Applicable
,"Nov., 2022","2022/11","Asian","A",0,Not Applicable,Not Applicable,Not Applicable,Not Applicable
,"Nov., 2022","2022/11","Native Hawaiian or Other Pacific Islander","NHOPI",0,Not Applicable,Not Applicable,Not Applicable,Not Applicable
,"Nov., 2022","2022/11","White","2106-3",11,Not Applicable,Not Applicable,Not Applicable,Not Applicable
,"Nov., 2022","2022/11","More than one race","M",0,Not Applicable,Not Applicable,Not Applicable,Not Applicable
,"Nov., 2022","2022/11","Not Available","999",0,Not Applicable,Not Applicable,Not Applicable,Not Applicable
,"Dec., 2022","2022/12","American Indian or Alaska Native","1002-5",0,Not Applicable,Not Applicable,Not Applicable,Not Applicable
,"Dec., 2022","2022/12","Asian","A",0,Not Applicable,Not Applicable,Not Applicable,Not Applicable
,"Dec., 2022","2022/12","Native Hawaiian or Other Pacific Islander","NHOPI",0,Not Applicable,Not Applicable,Not Applicable,Not Applicable
,"Dec., 2022","2022/12","More than one race","M",0,Not Applicable,Not Applicable,Not Applicable,Not Applicable
,"Dec., 2022","2022/12","Not Available","999",0,Not Applicable,Not Applicable,Not Applicable,Not Applicable
,"Jan., 2023","2023/01","American Indian or Alaska Native","1002-5",0,Not Applicable,Not Applicable,Not Applicable,Not Applicable
,"Jan., 2023","2023/01","Native Hawaiian or Other Pacific Islander","NHOPI",0,Not Applicable,Not Applicable,Not Applicable,Not Applicable
,"Jan., 2023","2023/01","More than one race","M",0,Not Applicable,Not Applicable,Not Applicable,Not Applicable
,"Jan., 2023","2023/01","Not Available","999",0,Not Applicable,Not Applicable,Not Applicable,Not Applicable
,"Feb., 2023","2023/02","American Indian or Alaska Native","1002-5",0,Not Applicable,Not Applicable,Not Applicable,Not Applicable
,"Feb., 2023","2023/02","Asian","A",0,Not Applicable,Not Applicable,Not Applicable,Not Applicable
,"Feb., 2023","2023/02","Native Hawaiian or Other Pacific Islander","NHOPI",0,Not Applicable,Not Applicable,Not Applicable,Not Applicable
,"Feb., 2023","2023/02","More than one race","M",0,Not Applicable,Not Applicable,Not Applicable,Not Applicable
,"Feb., 2023","2023/02","Not Available","999",0,Not Applicable,Not Applicable,Not Applicable,Not Applicable
,"Mar., 2023","2023/03","American Indian or Alaska Native","1002-5",0,Not Applicable,Not Applicable,Not Applicable,Not Applicable
,"Mar., 2023","2023/03","Asian","A",0,Not Applicable,Not Applicable,Not Applicable,Not Applicable
,"Mar., 2023","2023/03","Native Hawaiian or Other Pacific Islander","NHOPI",0,Not Applicable,Not Applicable,Not Applicable,Not Applicable
,"Mar., 2023","2023/03","Not Available","999",0,Not Applicable,Not Applicable,Not Applicable,Not Applicable
,"Apr., 2023","2023/04","American Indian or Alaska Native","1002-5",0,Not Applicable,Not Applicable,Not Applicable,Not Applicable
,"Apr., 2023","2023/04","Asian","A",0,Not Applicable,Not Applicable,Not Applicable,Not Applicable
,"Apr., 2023","2023/04","Native Hawaiian or Other Pacific Islander","NHOPI",0,Not Applicable,Not Applicable,Not Applicable,Not Applicable
,"Apr., 2023","2023/04","More than one race","M",0,Not Applicable,Not Applicable,Not Applicable,Not Applicable
,"Apr., 2023","2023/04","Not Available","999",0,Not Applicable,Not Applicable,Not Applicable,Not Applicable
,"May, 2023","2023/05","American Indian or Alaska Native","1002-5",0,Not Applicable,Not Applicable,Not Applicable,Not Applicable
,"May, 2023","2023/05","Native Hawaiian or Other Pacific Islander","NHOPI",0,Not Applicable,Not Applicable,Not Applicable,Not Applicable
,"May, 2023","2023/05","More than one race","M",0,Not Applicable,Not Applicable,Not Applicable,Not Applicable
,"May, 2023","2023/05","Not Available","999",0,Not Applicable,Not Applicable,Not Applicable,Not Applicable
,"Jun., 2023","2023/06","American Indian or Alaska Native","1002-5",0,Not Applicable,Not Applicable,Not Applicable,Not Applicable
,"Jun., 2023","2023/06","Asian","A",0,Not Applicable,Not Applicable,Not Applicable,Not Applicable
,"Jun., 2023","2023/06","Black or African American","2054-5",13,Not Applicable,Not Applicable,Not Applicable,Not Applicable
,"Jun., 2023","2023/06","Native Hawaiian or Other Pacific Islander","NHOPI",0,Not Applicable,Not Applicable,Not Applicable,Not Applicable
,"Jun., 2023","2023/06","More than one race","M",0,Not Applicable,Not Applicable,Not Applicable,Not Applicable
,"Jun., 2023","2023/06","Not Available","999",0,Not Applicable,Not Applicable,Not Applicable,Not Applicable
,"Jul., 2023","2023/07","American Indian or Alaska Native","1002-5",0,Not Applicable,Not Applicable,Not Applicable,Not Applicable
,"Jul., 2023","2023/07","Asian","A",0,Not Applicable,Not Applicable,Not Applicable,Not Applicable
,"Jul., 2023","2023/07","Native Hawaiian or Other Pacific Islander","NHOPI",0,Not Applicable,Not Applicable,Not Applicable,Not Applicable
,"Jul., 2023","2023/07","More than one race","M",0,Not Applicable,Not Applicable,Not Applicable,Not Applicable
,"Jul., 2023","2023/07","Not Available","999",0,Not Applicable,Not Applicable,Not Applicable,Not Applicable
,"Aug., 2023","2023/08","American Indian or Alaska Native","1002-5",0,Not Applicable,Not Applicable,Not Applicable,Not Applicable
,"Aug., 2023","2023/08","Asian","A",0,Not Applicable,Not Applicable,Not Applicable,Not Applicable
,"Aug., 2023","2023/08","Native Hawaiian or Other Pacific Islander","NHOPI",0,Not Applicable,Not Applicable,Not Applicable,Not Applicable
,"Aug., 2023","2023/08","More than one race","M",0,Not Applicable,Not Applicable,Not Applicable,Not Applicable
,"Aug., 2023","2023/08","Not Available","999",0,Not Applicable,Not Applicable,Not Applicable,Not Applicable
,"Sep., 2023","2023/09","American Indian or Alaska Native","1002-5",0,Not Applicable,Not Applicable,Not Applicable,Not Applicable
,"Sep., 2023","2023/09","Asian","A",0,Not Applicable,Not Applicable,Not Applicable,Not Applicable
,"Sep., 2023","2023/09","Native Hawaiian or Other Pacific Islander","NHOPI",0,Not Applicable,Not Applicable,Not Applicable,Not Applicable
,"Sep., 2023","2023/09","More than one race","M",0,Not Applicable,Not Applicable,Not Applicable,Not Applicable
,"Sep., 2023","2023/09","Not Available","999",0,Not Applicable,Not Applicable,Not Applicable,Not Applicable
,"Oct., 2023","2023/10","Native Hawaiian or Other Pacific Islander","NHOPI",0,Not Applicable,Not Applicable,Not Applicable,Not Applicable
,"Oct., 2023","2023/10","Not Available","999",0,Not Applicable,Not Applicable,Not Applicable,Not Applicable
,"Nov., 2023","2023/11","American Indian or Alaska Native","1002-5",0,Not Applicable,Not Applicable,Not Applicable,Not Applicable
,"Nov., 2023","2023/11","Native Hawaiian or Other Pacific Islander","NHOPI",0,Not Applicable,Not Applicable,Not Applicable,Not Applicable
,"Nov., 2023","2023/11","Not Available","999",0,Not Applicable,Not Applicable,Not Applicable,Not Applicable
,"Dec., 2023","2023/12","American Indian or Alaska Native","1002-5",0,Not Applicable,Not Applicable,Not Applicable,Not Applicable
,"Dec., 2023","2023/12","Black or African American","2054-5",13,Not Applicable,Not Applicable,Not Applicable,Not Applicable
,"Dec., 2023","2023/12","Native Hawaiian or Other Pacific Islander","NHOPI",0,Not Applicable,Not Applicable,Not Applicable,Not Applicable
,"Dec., 2023","2023/12","Not Available","999",0,Not Applicable,Not Applicable,Not Applicable,Not Applicable
,"Jan., 2024","2024/01","American Indian or Alaska Native","1002-5",0,Not Applicable,Not Applicable,Not Applicable,Not Applicable
,"Jan., 2024","2024/01","Asian","A",0,Not Applicable,Not Applicable,Not Applicable,Not Applicable
,"Jan., 2024","2024/01","Black or African American","2054-5",11,Not Applicable,Not Applicable,Not Applicable,Not Applicable
,"Jan., 2024","2024/01","Native Hawaiian or Other Pacific Islander","NHOPI",0,Not Applicable,Not Applicable,Not Applicable,Not Applicable
,"Jan., 2024","2024/01","More than one race","M",0,Not Applicable,Not Applicable,Not Applicable,Not Applicable
,"Jan., 2024","2024/01","Not Available","999",0,Not Applicable,Not Applicable,Not Applicable,Not Applicable
,"Feb., 2024","2024/02","American Indian or Alaska Native","1002-5",0,Not Applicable,Not Applicable,Not Applicable,Not Applicable
,"Feb., 2024","2024/02","Asian","A",0,Not Applicable,Not Applicable,Not Applicable,Not Applicable
,"Feb., 2024","2024/02","Black or African American","2054-5",12,Not Applicable,Not Applicable,Not Applicable,Not Applicable
,"Feb., 2024","2024/02","Native Hawaiian or Other Pacific Islander","NHOPI",0,Not Applicable,Not Applicable,Not Applicable,Not Applicable
,"Feb., 2024","2024/02","More than one race","M",0,Not Applicable,Not Applicable,Not Applicable,Not Applicable
,"Feb., 2024","2024/02","Not Available","999",0,Not Applicable,Not Applicable,Not Applicable,Not Applicable
,"Mar., 2024","2024/03","American Indian or Alaska Native","1002-5",0,Not Applicable,Not Applicable,Not Applicable,Not Applicable
,"Mar., 2024","2024/03","Asian","A",0,Not Applicable,Not Applicable,Not Applicable,Not Applicable
,"Mar., 2024","2024/03","Native Hawaiian or Other Pacific Islander","NHOPI",0,Not Applicable,Not Applicable,Not Applicable,Not Applicable
,"Mar., 2024","2024/03","More than one race","M",0,Not Applicable,Not Applicable,Not Applicable,Not Applicable
,"Mar., 2024","2024/03","Not Available","999",0,Not Applicable,Not Applicable,Not Applicable,Not Applicable
,"Apr., 2024","2024/04","American Indian or Alaska Native","1002-5",0,Not Applicable,Not Applicable,Not Applicable,Not Applicable
,"Apr., 2024","2024/04","Asian","A",0,Not Applicable,Not Applicable,Not Applicable,Not Applicable
,"Apr., 2024","2024/04","Black or African American","2054-5",11,Not Applicable,Not Applicable,Not Applicable,Not Applicable
,"Apr., 2024","2024/04","Native Hawaiian or Other Pacific Islander","NHOPI",0,Not Applicable,Not Applicable,Not Applicable,Not Applicable
,"Apr., 2024","2024/04","More than one race","M",0,Not Applicable,Not Applicable,Not Applicable,Not Applicable
,"Apr., 2024","2024/04","Not Available","999",0,Not Applicable,Not Applicable,Not Applicable,Not Applicable
,"May, 2024","2024/05","American Indian or Alaska Native","1002-5",0,Not Applicable,Not Applicable,Not Applicable,Not Applicable
,"May, 2024","2024/05","Asian","A",0,Not Applicable,Not Applicable,Not Applicable,Not Applicable
,"May, 2024","2024/05","Black or African American","2054-5",11,Not Applicable,Not Applicable,Not Applicable,Not Applicable
,"May, 2024","2024/05","Native Hawaiian or Other Pacific Islander","NHOPI",0,Not Applicable,Not Applicable,Not Applicable,Not Applicable
,"May, 2024","2024/05","More than one race","M",0,Not Applicable,Not Applicable,Not Applicable,Not Applicable
,"May, 2024","2024/05","Not Available","999",0,Not Applicable,Not Applicable,Not Applicable,Not Applicable
,"Jun., 2024","2024/06","American Indian or Alaska Native","1002-5",0,Not Applicable,Not Applicable,Not Applicable,Not Applicable
,"Jun., 2024","2024/06","Asian","A",0,Not Applicable,Not Applicable,Not Applicable,Not Applicable
,"Jun., 2024","2024/06","Native Hawaiian or Other Pacific Islander","NHOPI",0,Not Applicable,Not Applicable,Not Applicable,Not Applicable
,"Jun., 2024","2024/06","More than one race","M",0,Not Applicable,Not Applicable,Not Applicable,Not Applicable
,"Jun., 2024","2024/06","Not Available","999",0,Not Applicable,Not Applicable,Not Applicable,Not Applicable
,"Jul., 2024","2024/07","American Indian or Alaska Native","1002-5",0,Not Applicable,Not Applicable,Not Applicable,Not Applicable
,"Jul., 2024","2024/07","Asian","A",0,Not Applicable,Not Applicable,Not Applicable,Not Applicable
,"Jul., 2024","2024/07","Black or African American","2054-5",11,Not Applicable,Not Applicable,Not Applicable,Not Applicable
,"Jul., 2024","2024/07","Native Hawaiian or Other Pacific Islander","NHOPI",0,Not Applicable,Not Applicable,Not Applicable,Not Applicable
,"Jul., 2024","2024/07","More than one race","M",0,Not Applicable,Not Applicable,Not Applicable,Not Applicable
,"Jul., 2024","2024/07","Not Available","999",0,Not Applicable,Not Applicable,Not Applicable,Not Applicable
,"Aug., 2024","2024/08","American Indian or Alaska Native","1002-5",0,Not Applicable,Not Applicable,Not Applicable,Not Applicable
,"Aug., 2024","2024/08","Native Hawaiian or Other Pacific Islander","NHOPI",0,Not Applicable,Not Applicable,Not Applicable,Not Applicable
,"Aug., 2024","2024/08","More than one race","M",0,Not Applicable,Not Applicable,Not Applicable,Not Applicable
,"Aug., 2024","2024/08","Not Available","999",0,Not Applicable,Not Applicable,Not Applicable,Not Applicable
,"Sep., 2024","2024/09","American Indian or Alaska Native","1002-5",0,Not Applicable,Not Applicable,Not Applicable,Not Applicable
,"Sep., 2024","2024/09","Asian","A",0,Not Applicable,Not Applicable,Not Applicable,Not Applicable
,"Sep., 2024","2024/09","Black or African American","2054-5",11,Not Applicable,Not Applicable,Not Applicable,Not Applicable
,"Sep., 2024","2024/09","Native Hawaiian or Other Pacific Islander","NHOPI",0,Not Applicable,Not Applicable,Not Applicable,Not Applicable
,"Sep., 2024","2024/09","More than one race","M",0,Not Applicable,Not Applicable,Not Applicable,Not Applicable
,"Sep., 2024","2024/09","Not Available","999",0,Not Applicable,Not Applicable,Not Applicable,Not Applicable
,"Oct., 2024","2024/10","American Indian or Alaska Native","1002-5",0,Not Applicable,Not Applicable,Not Applicable,Not Applicable
,"Oct., 2024","2024/10","Asian","A",0,Not Applicable,Not Applicable,Not Applicable,Not Applicable
,"Oct., 2024","2024/10","Native Hawaiian or Other Pacific Islander","NHOPI",0,Not Applicable,Not Applicable,Not Applicable,Not Applicable
,"Oct., 2024","2024/10","Not Available","999",0,Not Applicable,Not Applicable,Not Applicable,Not Applicable
,"Nov., 2024","2024/11","American Indian or Alaska Native","1002-5",0,Not Applicable,Not Applicable,Not Applicable,Not Applicable
,"Nov., 2024","2024/11","Asian","A",0,Not Applicable,Not Applicable,Not Applicable,Not Applicable
,"Nov., 2024","2024/11","Native Hawaiian or Other Pacific Islander","NHOPI",0,Not Applicable,Not Applicable,Not Applicable,Not Applicable
,"Nov., 2024","2024/11","More than one race","M",0,Not Applicable,Not Applicable,Not Applicable,Not Applicable
,"Nov., 2024","2024/11","Not Available","999",0,Not Applicable,Not Applicable,Not Applicable,Not Applicable
,"Dec., 2024","2024/12","American Indian or Alaska Native","1002-5",0,Not Applicable,Not Applicable,Not Applicable,Not Applicable
,"Dec., 2024","2024/12","Asian","A",0,Not Applicable,Not Applicable,Not Applicable,Not Applicable
,"Dec., 2024","2024/12","Native Hawaiian or Other Pacific Islander","NHOPI",0,Not Applicable,Not Applicable,Not Applicable,Not Applicable
,"Dec., 2024","2024/12","More than one race","M",0,Not Applicable,Not Applicable,Not Applicable,Not Applicable
,"Dec., 2024","2024/12","Not Available","999",0,Not Applicable,Not Applicable,Not Applicable,Not Applicable
,"Jan., 2025 (provisional)","2025/01","American Indian or Alaska Native","1002-5",0,Not Applicable,Not Applicable,Not Applicable,Not Applicable
,"Jan., 2025 (provisional)","2025/01","Asian","A",0,Not Applicable,Not Applicable,Not Applicable,Not Applicable
,"Jan., 2025 (provisional)","2025/01","Native Hawaiian or Other Pacific Islander","NHOPI",0,Not Applicable,Not Applicable,Not Applicable,Not Applicable
,"Jan., 2025 (provisional)","2025/01","More than one race","M",0,Not Applicable,Not Applicable,Not Applicable,Not Applicable
,"Jan., 2025 (provisional)","2025/01","Not Available","999",0,Not Applicable,Not Applicable,Not Applicable,Not Applicable
,"Feb., 2025 (provisional)","2025/02","American Indian or Alaska Native","1002-5",0,Not Applicable,Not Applicable,Not Applicable,Not Applicable
,"Feb., 2025 (provisional)","2025/02","Asian","A",0,Not Applicable,Not Applicable,Not Applicable,Not Applicable
,"Feb., 2025 (provisional)","2025/02","Native Hawaiian or Other Pacific Islander","NHOPI",0,Not Applicable,Not Applicable,Not Applicable,Not Applicable
,"Feb., 2025 (provisional)","2025/02","More than one race","M",0,Not Applicable,Not Applicable,Not Applicable,Not Applicable
,"Feb., 2025 (provisional)","2025/02","Not Available","999",0,Not Applicable,Not Applicable,Not Applicable,Not Applicable
,"Mar., 2025 (provisional)","2025/03","American Indian or Alaska Native","1002-5",0,Not Applicable,Not Applicable,Not Applicable,Not Applicable
,"Mar., 2025 (provisional)","2025/03","Asian","A",0,Not Applicable,Not Applicable,Not Applicable,Not Applicable
,"Mar., 2025 (provisional)","2025/03","Black or African American","2054-5",0,Not Applicable,Not Applicable,Not Applicable,Not Applicable
,"Mar., 2025 (provisional)","2025/03","Native Hawaiian or Other Pacific Islander","NHOPI",0,Not Applicable,Not Applicable,Not Applicable,Not Applicable
,"Mar., 2025 (provisional)","2025/03","More than one race","M",0,Not Applicable,Not Applicable,Not Applicable,Not Applicable
,"Mar., 2025 (provisional)","2025/03","Not Available","999",0,Not Applicable,Not Applicable,Not Applicable,Not Applicable
,"Apr., 2025 (provisional)","2025/04","American Indian or Alaska Native","1002-5",0,Not Applicable,Not Applicable,Not Applicable,Not Applicable
,"Apr., 2025 (provisional)","2025/04","Asian","A",0,Not Applicable,Not Applicable,Not Applicable,Not Applicable
,"Apr., 2025 (provisional)","2025/04","Native Hawaiian or Other Pacific Islander","NHOPI",0,Not Applicable,Not Applicable,Not Applicable,Not Applicable
,"Apr., 2025 (provisional)","2025/04","More than one race","M",0,Not Applicable,Not Applicable,Not Applicable,Not Applicable
,"Apr., 2025 (provisional)","2025/04","Not Available","999",0,Not Applicable,Not Applicable,Not Applicable,Not Applicable
,"May., 2025 (provisional)","2025/05","American Indian or Alaska Native","1002-5",0,Not Applicable,Not Applicable,Not Applicable,Not Applicable
,"May., 2025 (provisional)","2025/05","Asian","A",0,Not Applicable,Not Applicable,Not Applicable,Not Applicable
,"May., 2025 (provisional)","2025/05","Native Hawaiian or Other Pacific Islander","NHOPI",0,Not Applicable,Not Applicable,Not Applicable,Not Applicable
,"May., 2025 (provisional)","2025/05","More than one race","M",0,Not Applicable,Not Applicable,Not Applicable,Not Applicable
,"May., 2025 (provisional)","2025/05","Not Available","999",0,Not Applicable,Not Applicable,Not Applicable,Not Applicable
,"Jun., 2025 (provisional)","2025/06","Asian","A",0,Not Applicable,Not Applicable,Not Applicable,Not Applicable
,"Jun., 2025 (provisional)","2025/06","Native Hawaiian or Other Pacific Islander","NHOPI",0,Not Applicable,Not Applicable,Not Applicable,Not Applicable
,"Jun., 2025 (provisional)","2025/06","More than one race","M",0,Not Applicable,Not Applicable,Not Applicable,Not Applicable
,"Jun., 2025 (provisional)","2025/06","Not Available","999",0,Not Applicable,Not Applicable,Not Applicable,Not Applicable
,"Jul., 2025 (provisional)","2025/07","American Indian or Alaska Native","1002-5",0,Not Applicable,Not Applicable,Not Applicable,Not Applicable
,"Jul., 2025 (provisional)","2025/07","Asian","A",0,Not Applicable,Not Applicable,Not Applicable,Not Applicable
,"Jul., 2025 (provisional)","2025/07","Native Hawaiian or Other Pacific Islander","NHOPI",0,Not Applicable,Not Applicable,Not Applicable,Not Applicable
,"Jul., 2025 (provisional)","2025/07","More than one race","M",0,Not Applicable,Not Applicable,Not Applicable,Not Applicable
,"Jul., 2025 (provisional)","2025/07","Not Available","999",0,Not Applicable,Not Applicable,Not Applicable,Not Applicable
,"Aug., 2025 (provisional)","2025/08","American Indian or Alaska Native","1002-5",0,Not Applicable,Not Applicable,Not Applicable,Not Applicable
,"Aug., 2025 (provisional)","2025/08","Native Hawaiian or Other Pacific Islander","NHOPI",0,Not Applicable,Not Applicable,Not Applicable,Not Applicable
,"Aug., 2025 (provisional)","2025/08","More than one race","M",0,Not Applicable,Not Applicable,Not Applicable,Not Applicable
,"Aug., 2025 (provisional)","2025/08","Not Available","999",0,Not Applicable,Not Applicable,Not Applicable,Not Applicable
,"Sep., 2025 (provisional)","2025/09","American Indian or Alaska Native","1002-5",0,Not Applicable,Not Applicable,Not Applicable,Not Applicable
,"Sep., 2025 (provisional)","2025/09","Asian","A",0,Not Applicable,Not Applicable,Not Applicable,Not Applicable
,"Sep., 2025 (provisional)","2025/09","Black or African American","2054-5",0,Not Applicable,Not Applicable,Not Applicable,Not Applicable
,"Sep., 2025 (provisional)","2025/09","Native Hawaiian or Other Pacific Islander","NHOPI",0,Not Applicable,Not Applicable,Not Applicable,Not Applicable
,"Sep., 2025 (provisional)","2025/09","White","2106-3",0,Not Applicable,Not Applicable,Not Applicable,Not Applicable
,"Sep., 2025 (provisional)","2025/09","More than one race","M",0,Not Applicable,Not Applicable,Not Applicable,Not Applicable
,"Sep., 2025 (provisional)","2025/09","Not Available","999",0,Not Applicable,Not Applicable,Not Applicable,Not Applicable
,"Oct., 2025 (provisional)","2025/10","American Indian or Alaska Native","1002-5",0,Not Applicable,Not Applicable,Not Applicable,Not Applicable
,"Oct., 2025 (provisional)","2025/10","Asian","A",0,Not Applicable,Not Applicable,Not Applicable,Not Applicable
,"Oct., 2025 (provisional)","2025/10","Black or African American","2054-5",0,Not Applicable,Not Applicable,Not Applicable,Not Applicable
,"Oct., 2025 (provisional)","2025/10","Native Hawaiian or Other Pacific Islander","NHOPI",0,Not Applicable,Not Applicable,Not Applicable,Not Applicable
,"Oct., 2025 (provisional)","2025/10","White","2106-3",0,Not Applicable,Not Applicable,Not Applicable,Not Applicable
,"Oct., 2025 (provisional)","2025/10","More than one race","M",0,Not Applicable,Not Applicable,Not Applicable,Not Applicable
,"Oct., 2025 (provisional)","2025/10","Not Available","999",0,Not Applicable,Not Applicable,Not Applicable,Not Applicable
,"Nov., 2025 (provisional)","2025/11","American Indian or Alaska Native","1002-5",0,Not Applicable,Not Applicable,Not Applicable,Not Applicable
,"Nov., 2025 (provisional)","2025/11","Asian","A",0,Not Applicable,Not Applicable,Not Applicable,Not Applicable
,"Nov., 2025 (provisional)","2025/11","Black or African American","2054-5",0,Not Applicable,Not Applicable,Not Applicable,Not Applicable
,"Nov., 2025 (provisional)","2025/11","Native Hawaiian or Other Pacific Islander","NHOPI",0,Not Applicable,Not Applicable,Not Applicable,Not Applicable
,"Nov., 2025 (provisional)","2025/11","White","2106-3",0,Not Applicable,Not Applicable,Not Applicable,Not Applicable
,"Nov., 2025 (provisional)","2025/11","More than one race","M",0,Not Applicable,Not Applicable,Not Applicable,Not Applicable
,"Nov., 2025 (provisional)","2025/11","Not Available","999",0,Not Applicable,Not Applicable,Not Applicable,Not Applicable
,"Dec., 2025 (provisional)","2025/12","American Indian or Alaska Native","1002-5",0,Not Applicable,Not Applicable,Not Applicable,Not Applicable
,"Dec., 2025 (provisional)","2025/12","Asian","A",0,Not Applicable,Not Applicable,Not Applicable,Not Applicable
,"Dec., 2025 (provisional)","2025/12","Black or African American","2054-5",0,Not Applicable,Not Applicable,Not Applicable,Not Applicable
,"Dec., 2025 (provisional)","2025/12","Native Hawaiian or Other Pacific Islander","NHOPI",0,Not Applicable,Not Applicable,Not Applicable,Not Applicable
,"Dec., 2025 (provisional)","2025/12","White","2106-3",0,Not Applicable,Not Applicable,Not Applicable,Not Applicable
,"Dec., 2025 (provisional)","2025/12","More than one race","M",0,Not Applicable,Not Applicable,Not Applicable,Not Applicable
,"Dec., 2025 (provisional)","2025/12","Not Available","999",0,Not Applicable,Not Applicable,Not Applicable,Not Applicable
,"Jan., 2026 (provisional)","2026/01","American Indian or Alaska Native","1002-5",0,Not Applicable,Not Applicable,Not Applicable,Not Applicable
,"Jan., 2026 (provisional)","2026/01","Asian","A",0,Not Applicable,Not Applicable,Not Applicable,Not Applicable
,"Jan., 2026 (provisional)","2026/01","Black or African American","2054-5",0,Not Applicable,Not Applicable,Not Applicable,Not Applicable
,"Jan., 2026 (provisional)","2026/01","Native Hawaiian or Other Pacific Islander","NHOPI",0,Not Applicable,Not Applicable,Not Applicable,Not Applicable
,"Jan., 2026 (provisional)","2026/01","White","2106-3",0,Not Applicable,Not Applicable,Not Applicable,Not Applicable
,"Jan., 2026 (provisional)","2026/01","More than one race","M",0,Not Applicable,Not Applicable,Not Applicable,Not Applicable
,"Jan., 2026 (provisional)","2026/01","Not Available","999",0,Not Applicable,Not Applicable,Not Applicable,Not Applicable
,"Feb., 2026 (provisional and partial)","2026/02","American Indian or Alaska Native","1002-5",0,Not Applicable,Not Applicable,Not Applicable,Not Applicable
,"Feb., 2026 (provisional and partial)","2026/02","Asian","A",0,Not Applicable,Not Applicable,Not Applicable,Not Applicable
,"Feb., 2026 (provisional and partial)","2026/02","Black or African American","2054-5",0,Not Applicable,Not Applicable,Not Applicable,Not Applicable
,"Feb., 2026 (provisional and partial)","2026/02","Native Hawaiian or Other Pacific Islander","NHOPI",0,Not Applicable,Not Applicable,Not Applicable,Not Applicable
,"Feb., 2026 (provisional and partial)","2026/02","White","2106-3",0,Not Applicable,Not Applicable,Not Applicable,Not Applicable
,"Feb., 2026 (provisional and partial)","2026/02","More than one race","M",0,Not Applicable,Not Applicable,Not Applicable,Not Applicable
,"Feb., 2026 (provisional and partial)","2026/02","Not Available","999",0,Not Applicable,Not Applicable,Not Applicable,Not Applicable
,"Mar., 2026 (provisional and partial)","2026/03","American Indian or Alaska Native","1002-5",0,Not Applicable,Not Applicable,Not Applicable,Not Applicable
,"Mar., 2026 (provisional and partial)","2026/03","Asian","A",0,Not Applicable,Not Applicable,Not Applicable,Not Applicable
,"Mar., 2026 (provisional and partial)","2026/03","Black or African American","2054-5",0,Not Applicable,Not Applicable,Not Applicable,Not Applicable
,"Mar., 2026 (provisional and partial)","2026/03","Native Hawaiian or Other Pacific Islander","NHOPI",0,Not Applicable,Not Applicable,Not Applicable,Not Applicable
,"Mar., 2026 (provisional and partial)","2026/03","White","2106-3",0,Not Applicable,Not Applicable,Not Applicable,Not Applicable
,"Mar., 2026 (provisional and partial)","2026/03","More than one race","M",0,Not Applicable,Not Applicable,Not Applicable,Not Applicable
,"Mar., 2026 (provisional and partial)","2026/03","Not Available","999",0,Not Applicable,Not Applicable,Not Applicable,Not Applicable
"---"
"Dataset: Provisional Mortality Statistics, 2018 through Last Week"
"Query Parameters:"
"Title: leading cause of death"
"Hispanic Origin: Not Hispanic or Latino"
"MCD - ICD-10 Codes: X85-Y09 (Assault)"
"Residence States: Texas (48)"
"Sex: Female"
"Ten-Year Age Groups: 15-24 years; 25-34 years; 35-44 years"
"Group By: Month; Single Race 6"
"Show Totals: Disabled"
"Show Zero Values: True"
"Show Suppressed: False"
"Calculate Rates Per: 100,000"
"Rate Options: Default intercensal populations for years 2001-2009 (except Infant Age Groups)"
"---"
"Help: See http://wonder.cdc.gov/wonder/help/mcd-provisional.html for more information."
"---"
"Query Date: Mar 10, 2026 8:37:05 PM"
"---"
"Suggested Citation: Centers for Disease Control and Prevention, National Center for Health Statistics. National Vital Statistics"
"System, Provisional Mortality on CDC WONDER Online Database. Data are from the final Multiple Cause of Death Files, 2018-2024,"
"and from provisional data for years 2025 and later, as compiled from data provided by the 57 vital statistics jurisdictions"
"through the Vital Statistics Cooperative Program. Accessed at http://wonder.cdc.gov/mcd-icd10-provisional.html on Mar 10, 2026"
"8:37:05 PM"
"---"
Messages:
"1. Totals are not available for these results due to suppression constraints. More Information:"
"http://wonder.cdc.gov/wonder/help/faq.html#Privacy."
"2. Rows with suppressed Deaths are hidden. Use Quick Options above to show suppressed rows."
"---"
Caveats:
"1. Population and rates are labeled 'Not Applicable' when location of Death's Occurrence, Autopsy, Place of Death, Weekday or"
"Month are grouped by or limited, due to lack of a valid population. More information:"
"http://wonder.cdc.gov/wonder/help/mcd-provisional.html#NotApplicableRates."
"2. Data are Suppressed when the data meet the criteria for confidentiality constraints. More information:"
"http://wonder.cdc.gov/wonder/help/mcd-provisional.html#Assurance of Confidentiality."
"3. Deaths of persons with Age ""Not Stated"" are included in ""All"" counts and rates, but are not distributed among age groups,"
"so are not included in age-specific counts, age-specific rates or in any age-adjusted rates. More information:"
"http://wonder.cdc.gov/wonder/help/mcd-provisional.html#Not Stated."
"4. Deaths of persons with Hispanic origin ""Not Stated"" are included in ""All"" counts and rates, but are not distributed among"
"Hispanic Origin groups, so are not included in the Hispanic Origin specific counts and rates. More information:"
"http://wonder.cdc.gov/wonder/help/mcd-provisional.html#Not Stated."
"5. Information included on the death certificate about the race and Hispanic ethnicity of the decedent is reported by the"
"funeral director as provided by an informant, often the surviving next of kin, or, in the absence of an informant, on the basis"
"of observation. Race and ethnicity information from the census is by self-report. To the extent that race and Hispanic origin"
"are inconsistent between these two data sources, death rates will be biased. More information:"
"http://wonder.cdc.gov/wonder/help/mcd-provisional.html#Racial Differences."
"6. The method used to calculate 95% confidence intervals is documented here: More information:"
"http://wonder.cdc.gov/wonder/help/mcd-provisional.html#Confidence-Intervals."
"7. On March 11, 2021, the 2019 mortality data on CDC WONDER was updated with the 2019 mortality data updated by NCHS on March 4,"
"2021 to include corrected information for residents of Texas affecting 5 records previously coded to cause code *U01.4,"
"Terrorism involving firearms (homicide). The underlying and multiple cause of death codes for 5 records were corrected in the"
"2019 data. Underlying and multiple cause of death codes for those 5 records were recoded to Assault (homicide) by other and"
"unspecified firearm discharge, ICD-10 code X95. The corrected final death records replaces the data released on December 22,"
"2020."
"8. After the creation of the final 2023 dataset, North Carolina updated the cause of death information for over 900 death"
"certificates to include a cause of death code indicating drug overdose (ICD-10 underlying cause-of-death codes: X40-X44,"
"X60-X64, X85, and Y10-Y14). Jurisdictions can continue to update death certificates after the closing of the mortality file. As"
"a result, users should consider that the actual death count for drug overdose deaths for North Carolina in 2023 is over 4,400"
"deaths, with a crude rate of approximately 41.0 per 100,000 population, and an age-adjusted rate of approximately 42.1 per"
"100,000 population. These deaths will not be updated on the final mortality datasets."
"9. Deaths occurring through February 21, 2026 as of March 01, 2026."